objects,has feathers,has a bill,can fly,is a reptile,builds nests,is an animal,lays eggs,is cold-blooded,is an animal,mammal,has gills,lays eggs,is smooth,lives in nature,is an animal,can be dangerous,lays eggs,small and large kinds,has two eyes,is small,can cause much hinder,has two eyes,there are many kinds of it,has eyes,glides,is edible,is found all around the world,lives in water,swims in rivers,sits on threads of electricity,produces blub-sound,herds,compound eyes,lives outdoors,can be poisonous,has a tail,can have different colors,occurs frequently,eats plants,is exterminated,looks like a lizard,is eaten by other animals,has legs,has two ears,can be cured,is grisly,is found on plants,eats grain,sits on fruit,is a pet,is difficult to catch,can be won at a fair,is flat,can loose its tail,lives in dry areas,is orange,is good for soil,is green,looks like a salamander,has wings,is terrifying,has a long tongue,leading figures in Jurassic Parc,is tinned in oil,is silvery,eats plant lice,hunts,family of the horse,has a tail,tastes salty,is served as rings from cephalopod,has warts,has a big bill,is elongated,graceful,dark colour,floats on water,is slow,lives by the sea,is edible,has large theeth,hibernates
monkey,0,1,0,0,1,0,0,0,0,1,0,0,1,0,1,0,0,0,1,0,0,0,0,1,0,0,0,0,1,1,1,1,0,0,0,0,1,1,1,0,0,1,1,0,0,1,0,0,0,0,1,0,0,0,0,0,1,0,0,0,0,0,0,0,0,1,1,0,1,1,0,0,1,0,1,1,0,0,0,1,0,1
beaver,0,1,0,0,1,0,0,0,1,1,0,0,1,0,1,1,0,0,1,0,0,0,1,1,0,0,0,0,1,1,0,1,0,0,0,0,0,1,1,0,0,1,1,0,0,1,0,0,0,0,1,0,0,0,0,0,1,1,0,1,1,0,0,0,0,1,1,0,1,1,0,0,1,0,1,1,0,0,0,0,0,0
bison,0,1,0,0,1,0,0,0,0,1,0,0,1,0,1,0,0,0,0,0,0,0,0,1,0,0,0,0,1,1,1,1,0,0,0,0,1,1,1,0,0,1,1,0,0,1,0,0,0,0,1,0,0,0,0,0,1,0,0,0,0,0,0,0,0,1,1,0,1,1,0,0,1,0,1,1,0,1,0,0,0,1
dromedary,0,1,0,0,1,0,0,0,0,1,0,0,1,0,1,0,0,0,0,0,0,0,0,1,0,0,0,0,1,1,0,1,0,0,0,0,0,1,1,0,0,1,1,0,0,1,0,0,0,0,1,0,0,0,0,0,1,0,0,0,0,0,0,0,0,1,1,0,1,1,0,0,1,0,1,1,0,0,0,0,0,1
squirrel,0,1,0,0,1,0,0,0,0,1,0,0,1,0,1,0,0,0,1,0,0,0,1,1,0,0,0,0,1,1,1,1,0,0,1,0,0,1,1,0,0,1,1,0,0,1,0,0,0,1,0,1,0,0,0,0,1,0,0,0,0,0,0,0,0,1,0,0,1,1,0,0,1,0,1,1,0,0,0,0,0,0
hedgehog,0,1,0,0,1,0,0,0,0,1,0,0,1,0,0,0,0,0,1,0,0,0,1,1,0,1,0,1,1,1,0,0,0,1,0,0,0,1,1,0,1,1,1,0,0,1,0,0,0,0,0,1,0,0,1,0,1,0,0,0,0,0,0,0,0,1,0,0,1,1,0,0,1,0,1,1,0,1,0,0,0,0
donkey,0,1,0,0,1,0,0,0,0,1,0,0,1,0,1,0,0,0,0,0,0,0,0,1,0,0,0,0,1,1,1,1,0,0,0,0,0,1,1,0,0,1,1,0,0,1,0,0,0,0,1,0,0,0,0,0,1,1,0,0,0,0,0,0,0,1,0,1,1,1,0,1,0,0,1,1,1,0,0,0,0,1
giraffe,0,1,0,0,1,0,0,0,0,1,0,0,1,0,1,0,0,0,0,0,0,0,0,1,0,0,0,0,1,1,1,1,0,0,0,0,0,1,1,0,0,1,1,0,0,1,0,0,0,0,1,0,0,0,0,0,1,0,0,0,0,0,0,0,0,1,1,0,1,1,0,0,1,0,1,1,0,0,0,0,0,1
hamster,0,1,0,0,1,0,0,0,0,1,0,0,1,0,1,0,0,0,1,0,0,0,1,1,0,0,0,0,1,1,1,1,0,0,1,0,1,1,1,0,0,1,1,0,0,1,0,0,0,0,1,0,0,0,0,0,1,0,0,0,0,0,0,0,0,1,0,0,1,1,0,1,0,0,1,1,0,0,0,0,0,0
deer,0,1,0,0,1,0,0,0,0,1,0,0,1,0,1,0,0,0,1,0,0,0,0,1,0,0,0,0,1,1,1,1,0,0,0,0,1,1,1,0,0,1,1,0,0,1,0,0,0,0,1,0,0,0,0,0,1,0,0,0,0,0,0,0,0,1,1,0,1,1,0,1,1,0,1,1,0,0,0,0,0,0
dog,0,1,0,0,1,0,0,0,0,1,0,0,1,0,0,1,0,0,0,0,0,0,0,1,0,0,0,0,1,1,1,1,0,0,0,0,1,0,1,0,0,1,1,0,0,1,0,0,0,0,1,1,0,0,0,0,1,1,0,1,0,1,0,1,0,1,0,0,1,1,0,1,0,0,1,1,1,0,0,0,0,1
polar bear,0,1,0,0,1,0,0,0,1,1,0,0,1,0,1,1,0,0,0,0,0,0,0,1,0,0,0,0,1,1,1,1,0,0,0,0,0,1,1,0,1,1,1,0,0,1,0,0,0,0,1,0,0,0,1,0,1,0,0,0,0,0,0,0,0,1,1,0,1,1,0,0,1,0,1,1,0,0,0,0,0,1
kangaroo,0,1,0,0,1,0,0,0,0,1,0,0,1,0,1,0,0,0,0,0,0,0,0,1,0,0,0,0,1,1,1,1,0,0,0,0,0,1,1,0,0,1,1,0,0,1,0,0,0,0,1,0,0,0,0,0,1,0,0,0,0,0,0,0,0,1,0,0,1,1,0,0,1,0,1,1,0,0,0,0,0,0
cat,0,1,0,0,1,0,0,0,0,1,0,0,1,0,0,0,0,0,0,0,0,0,0,1,0,0,0,0,1,1,1,1,0,0,0,0,1,1,1,0,1,1,1,0,0,1,0,0,0,0,1,1,0,0,0,0,1,1,0,0,0,1,0,1,0,1,0,0,1,1,0,1,0,0,1,1,1,0,0,0,0,0
cow,0,1,0,0,1,0,0,0,0,1,0,0,1,0,1,0,0,0,0,0,0,0,0,1,0,0,0,0,1,1,1,1,0,0,0,0,1,1,1,0,0,1,1,0,0,1,0,0,0,0,1,0,0,0,1,0,1,0,0,0,0,0,0,1,0,1,0,1,1,1,0,1,1,0,1,1,1,0,0,0,0,1
rabbit,0,1,0,0,1,0,0,0,0,1,0,0,1,0,1,0,0,0,1,0,0,0,1,1,0,0,0,0,1,1,1,1,0,0,1,0,1,1,1,0,0,1,1,0,0,1,0,0,0,1,1,1,0,0,1,0,1,1,0,0,0,0,1,1,0,1,1,1,1,1,0,1,1,0,1,1,1,0,0,0,0,0
llama,0,1,0,0,1,0,0,0,0,1,0,0,1,0,1,0,0,0,0,0,0,0,0,1,0,0,0,0,1,1,1,1,0,0,0,0,1,1,1,0,0,1,1,0,0,1,0,0,0,0,1,0,0,0,0,0,1,0,0,0,0,0,0,0,0,1,0,0,1,1,0,0,1,0,1,1,0,0,0,0,0,0
lion,0,1,0,0,1,0,0,0,0,1,0,0,1,0,1,0,0,0,0,0,0,0,0,1,0,0,0,1,1,1,1,1,0,0,0,0,0,1,1,0,1,1,1,0,0,1,0,0,0,0,1,0,0,0,0,0,1,0,0,0,0,0,0,0,0,1,1,0,1,1,0,0,1,0,1,1,0,0,0,0,0,1
mouse,0,1,0,0,1,0,0,0,0,1,0,0,1,0,1,0,0,0,1,0,0,0,1,1,0,0,0,1,1,1,1,1,0,1,1,0,1,1,1,0,0,1,1,0,1,1,0,0,0,1,1,1,0,0,1,0,1,1,0,0,0,0,1,1,0,1,0,0,1,1,0,1,1,0,1,1,1,0,0,0,0,0
rhinoceros,0,1,0,0,1,0,0,0,0,1,0,0,1,0,1,0,0,0,0,0,0,0,0,1,0,0,0,0,1,1,1,1,0,0,0,0,0,1,1,0,1,1,1,0,0,1,0,0,0,0,1,0,0,0,0,0,1,0,0,0,0,0,0,0,0,1,1,0,1,1,0,0,1,0,1,1,0,1,0,0,0,1
hippopotamus,0,1,0,0,1,0,0,0,1,1,0,0,1,0,1,1,0,0,0,0,0,0,0,1,0,0,0,0,1,1,1,1,0,0,0,0,0,1,1,0,1,1,1,0,0,1,0,0,0,0,1,0,0,0,0,0,1,0,0,0,1,0,0,0,0,1,1,0,1,1,0,0,1,0,1,1,0,1,0,0,0,1
elephant,0,1,0,0,1,0,0,0,0,1,0,0,1,0,1,0,0,0,0,0,0,0,0,1,0,0,0,0,1,1,1,1,0,0,0,0,0,1,1,0,1,1,1,0,0,1,0,0,0,0,1,0,0,0,0,0,1,0,0,0,0,0,0,0,0,1,1,0,1,1,0,0,1,0,1,1,0,1,0,0,0,1
horse,0,1,0,0,1,0,0,0,0,1,0,0,1,0,1,1,0,0,0,0,0,0,0,1,0,0,0,0,1,1,1,1,0,0,0,0,1,1,1,0,0,1,1,0,0,1,0,0,0,0,1,0,0,0,0,0,1,0,0,0,0,0,0,1,0,1,0,1,1,1,0,1,0,0,1,1,1,0,0,1,0,1
sheep,0,1,0,0,1,0,0,0,0,1,0,0,1,0,1,0,0,0,0,0,0,0,0,1,0,0,0,0,1,1,1,1,0,0,0,0,0,1,1,0,0,1,1,0,0,1,0,0,0,0,0,1,0,0,0,0,1,0,0,0,0,0,0,0,0,1,1,0,1,1,0,1,0,0,1,1,0,0,0,0,0,0
tiger,0,1,0,0,1,0,0,0,0,1,0,0,1,0,1,0,0,0,0,0,0,0,0,1,0,0,0,1,1,1,1,1,0,0,0,0,1,1,1,0,1,1,1,0,0,1,0,0,0,0,1,0,0,0,0,0,1,0,0,0,0,0,0,0,0,1,1,0,1,1,0,0,1,0,1,1,0,0,0,0,0,1
pig,0,1,0,0,1,0,0,0,0,1,0,0,1,0,1,0,0,0,0,0,0,0,0,1,0,0,0,0,1,1,1,0,0,0,0,0,1,1,1,0,0,1,1,0,0,1,0,0,0,0,0,1,0,0,0,0,1,1,0,1,0,0,0,1,0,1,1,1,1,1,0,1,0,0,1,1,1,0,0,0,0,0
bat,0,1,1,0,1,0,1,1,0,1,0,0,1,0,1,0,0,0,1,0,0,0,1,1,0,0,0,1,1,1,1,1,0,0,0,0,1,1,1,0,0,1,1,0,1,1,0,0,0,1,0,0,0,0,1,0,1,1,0,0,0,0,0,1,0,1,0,0,1,1,0,0,1,0,1,1,0,1,0,0,0,0
fox,0,1,0,0,1,0,0,0,0,1,0,0,1,0,1,0,0,0,1,0,0,0,0,1,0,0,0,0,1,1,1,1,0,0,0,0,0,1,1,0,0,1,1,0,0,1,0,0,0,1,1,0,0,0,1,0,1,1,0,0,0,0,0,1,0,1,1,0,1,1,0,0,1,0,1,1,1,0,0,0,0,0
wolf,0,1,0,0,1,0,0,0,0,1,0,0,1,0,1,1,0,0,1,0,0,0,0,1,0,0,0,1,1,1,1,1,0,0,0,0,1,1,1,0,0,1,1,0,0,1,0,0,0,0,1,0,0,0,1,0,1,1,0,0,0,0,0,1,0,1,1,0,1,1,0,0,1,0,1,1,0,0,0,0,0,1
zebra,0,1,0,0,1,0,0,0,0,1,0,0,1,0,1,0,0,0,0,0,0,0,0,1,0,0,0,0,1,1,1,1,0,0,0,0,0,1,1,0,0,1,1,0,0,1,0,0,0,0,1,0,0,0,0,0,1,0,0,0,0,0,0,0,0,1,1,0,1,1,0,0,1,0,1,1,0,0,0,0,0,0
eagle,1,1,1,0,0,0,1,1,0,1,1,0,1,0,0,0,1,0,1,0,0,1,1,1,0,0,0,0,1,1,1,1,0,1,0,0,1,1,1,0,0,1,0,0,1,1,0,0,0,0,1,0,1,1,0,1,1,0,0,1,0,0,0,1,0,1,1,0,1,1,0,0,1,0,1,1,0,0,0,0,0,0
dove,1,1,1,0,0,0,1,1,0,1,1,0,1,0,1,0,1,0,1,0,0,1,1,1,0,0,0,0,1,1,1,1,0,1,0,0,1,1,1,0,0,1,0,0,1,1,0,0,0,0,0,1,0,0,0,1,1,1,0,0,0,0,0,1,0,1,1,0,1,0,1,1,1,0,1,1,1,0,1,0,0,0
duck,1,1,1,0,0,0,1,1,1,1,1,0,1,0,1,1,1,0,0,0,0,1,1,1,0,0,0,0,1,1,1,1,0,1,0,0,1,1,1,1,0,1,0,1,1,1,0,0,0,0,0,0,1,0,1,1,1,1,0,0,1,0,0,1,0,1,1,0,1,1,0,0,1,0,1,1,0,0,0,0,0,0
magpie,1,1,1,0,0,0,1,1,0,1,1,0,1,0,1,0,1,0,1,0,0,1,1,1,0,0,0,0,1,1,1,1,0,1,0,0,0,1,1,0,0,1,0,0,1,1,0,0,0,0,0,1,0,1,0,1,1,0,0,0,0,0,0,1,0,1,0,0,1,0,1,0,1,0,1,1,0,0,1,0,0,0
pheasant,1,1,1,0,0,0,1,1,0,1,1,0,1,0,1,0,1,0,1,0,0,1,1,1,0,0,0,0,1,1,1,1,0,1,0,0,0,1,1,0,0,1,0,0,1,1,0,0,0,0,0,0,0,0,0,1,1,0,0,0,0,0,0,1,0,1,1,0,1,1,0,1,1,0,1,1,0,0,1,0,0,0
vulture,1,1,1,0,0,0,1,1,0,1,1,0,1,0,1,0,1,0,1,0,0,1,1,1,0,0,0,0,1,1,1,1,0,1,0,0,1,1,1,0,0,1,0,0,0,1,0,0,0,0,0,0,0,1,0,1,1,0,0,1,0,0,0,1,0,1,0,0,1,0,0,0,1,0,1,1,0,0,0,0,0,0
rooster,1,1,1,0,0,0,1,1,0,1,1,0,1,0,1,0,1,0,0,0,0,1,1,1,0,0,0,0,1,1,1,1,0,1,0,0,1,1,1,0,0,1,0,0,1,1,0,0,0,0,0,1,0,0,0,1,1,1,0,1,0,0,0,1,0,1,0,0,1,1,0,1,0,0,1,1,1,0,0,0,0,0
turkey,1,1,1,0,0,0,1,1,0,1,1,0,1,0,1,0,1,0,0,0,0,1,1,1,0,0,0,0,1,1,1,1,0,1,0,0,1,1,1,0,0,1,0,0,1,1,0,0,0,0,0,1,1,0,0,1,1,0,0,1,0,0,0,1,0,1,1,0,1,1,0,1,0,0,1,1,0,0,0,0,0,0
cabary,1,1,1,0,0,0,1,1,0,1,1,0,1,0,0,0,1,0,1,0,0,1,1,1,0,0,0,0,1,1,1,1,0,1,0,0,1,1,1,0,0,1,0,0,1,1,0,1,0,0,0,1,0,0,0,1,1,0,0,0,0,0,0,1,0,1,0,0,1,0,1,1,1,0,1,1,0,0,0,0,0,0
kip,1,1,1,0,0,0,1,1,0,1,1,0,1,0,1,0,1,0,0,0,0,1,1,1,0,0,0,0,1,1,1,1,0,1,1,0,1,1,1,0,0,1,0,0,1,1,0,0,0,0,0,1,1,0,0,1,1,1,0,1,0,0,0,1,0,1,1,0,1,1,0,1,0,0,1,1,1,0,0,0,0,0
cuckoo,1,1,1,0,0,0,1,1,0,1,1,0,1,0,1,0,1,0,1,0,0,1,1,1,0,0,0,0,1,1,1,1,0,1,0,0,0,1,1,0,0,1,0,0,1,1,0,0,0,0,0,1,1,0,0,1,1,0,0,0,0,0,0,1,0,1,0,0,1,0,0,0,1,0,1,1,0,0,1,0,0,0
crow,1,1,1,0,0,0,1,1,0,1,1,0,1,0,1,0,1,0,1,0,0,1,1,1,0,0,0,0,1,1,1,1,0,1,0,0,0,1,1,0,0,1,0,0,1,1,0,0,0,0,0,1,0,0,0,1,1,1,0,0,0,0,0,1,0,1,0,0,1,0,1,0,1,0,1,1,0,0,1,0,0,0
chickadee,1,1,1,0,0,0,1,1,0,1,1,0,1,0,1,0,1,0,1,0,0,1,1,1,0,0,0,0,1,1,1,1,0,1,0,0,1,1,1,0,0,1,0,0,1,1,0,0,0,0,0,1,0,0,0,1,1,0,0,0,0,0,0,1,0,1,0,0,1,0,1,0,1,0,1,1,0,0,1,0,0,0
seagull,1,1,1,0,0,0,1,1,0,1,1,1,1,0,1,1,1,0,0,0,0,1,1,1,0,0,0,0,1,1,1,1,0,1,0,0,1,1,1,0,0,1,0,0,1,1,0,0,0,0,1,0,0,1,0,1,1,1,0,0,1,0,0,1,0,1,0,0,1,0,0,0,1,0,1,1,1,0,1,0,0,0
blackbird,1,1,1,0,0,0,1,1,0,1,1,0,1,0,1,0,1,0,1,0,0,1,1,1,0,0,0,0,1,1,1,1,0,1,0,0,1,1,1,0,0,1,0,0,1,1,0,0,0,0,0,1,0,0,0,1,1,0,0,0,0,0,0,1,0,1,0,0,1,0,1,0,1,0,1,1,0,0,1,0,0,0
sparrow,1,1,1,0,0,0,1,1,0,1,1,0,1,0,1,0,1,0,1,0,0,1,1,1,0,0,0,0,1,1,1,1,0,1,0,0,1,1,1,0,0,1,0,0,1,1,0,0,0,0,0,1,0,0,0,1,1,0,0,0,0,0,0,1,0,1,0,0,1,0,1,0,1,0,1,1,0,0,1,0,0,0
stork,1,1,1,0,0,0,1,1,1,1,1,0,1,0,1,0,1,0,0,0,0,1,1,1,0,0,0,0,1,1,1,1,0,1,0,0,0,1,1,0,0,1,0,0,1,1,0,0,0,0,0,0,0,1,0,1,1,0,0,0,0,0,0,1,0,1,1,0,1,0,0,0,1,0,1,1,0,0,1,0,0,0
parrot,1,1,1,0,0,0,1,1,0,1,1,0,1,0,1,0,1,0,1,0,0,1,1,1,0,0,0,0,1,1,1,1,0,1,0,0,1,1,1,0,0,1,0,0,1,1,0,0,0,0,0,0,0,0,0,1,1,1,0,0,0,0,0,1,0,1,1,0,1,0,0,0,1,0,1,1,0,0,1,0,0,0
parakeet,1,1,1,0,0,0,1,1,1,1,1,0,1,0,0,0,1,0,1,0,0,1,1,1,0,0,0,0,1,1,1,1,0,1,0,0,0,1,1,0,0,1,0,0,1,1,0,0,0,0,0,1,0,0,0,1,1,0,0,0,0,0,0,1,0,1,0,0,1,0,1,1,1,0,1,1,0,0,1,0,0,0
peacock,1,1,1,0,0,0,1,1,0,1,1,0,1,0,0,0,1,0,0,0,0,1,1,1,0,0,0,0,1,1,1,1,0,1,0,0,0,1,1,0,0,1,1,0,1,1,0,0,0,0,0,1,0,0,0,1,1,0,0,0,0,0,0,1,0,1,0,0,1,1,0,0,1,0,1,1,0,0,0,0,0,0
pelican,1,1,1,0,0,0,1,1,1,1,1,1,1,0,1,1,1,0,0,0,0,1,1,1,0,0,0,0,1,1,0,1,0,1,0,0,1,1,1,0,0,1,0,0,0,1,0,0,0,0,0,0,0,0,0,1,1,0,0,0,0,0,0,1,0,1,0,0,1,1,0,0,1,0,1,1,0,0,0,0,0,0
penguin,1,1,0,0,0,0,1,1,1,1,1,1,1,0,1,1,1,0,0,1,0,1,1,1,0,0,1,0,1,1,1,1,0,1,0,0,1,1,1,1,0,1,0,0,0,1,0,0,0,0,0,0,0,0,0,0,1,0,0,0,0,0,0,1,0,1,1,0,1,1,0,0,1,1,1,1,0,0,0,0,0,0
heron,1,1,1,0,0,0,1,1,1,1,1,0,1,0,1,0,1,0,1,0,0,1,1,1,0,0,0,0,1,1,1,1,0,1,0,0,1,1,1,0,0,1,0,0,1,1,0,0,0,0,0,1,0,1,0,1,1,0,0,1,0,0,0,1,0,1,0,0,1,0,1,0,1,0,1,1,0,0,1,0,0,0
robin,1,1,1,0,0,0,1,1,0,1,1,0,1,0,1,0,1,0,1,0,0,1,1,1,0,0,0,0,1,1,1,1,0,1,0,0,0,1,1,0,0,1,0,0,1,1,0,0,0,0,0,1,0,0,0,1,1,0,0,0,0,0,0,1,0,1,0,0,1,0,1,0,1,0,1,1,0,0,1,0,0,0
woodpecker,1,1,1,0,0,0,1,1,0,1,1,0,1,0,1,0,1,0,1,0,0,1,1,1,0,0,0,0,1,1,1,1,0,1,0,0,0,1,1,0,0,1,0,0,1,1,0,0,0,0,0,1,0,0,0,1,1,0,0,0,0,0,0,1,0,1,0,0,1,0,1,0,1,0,1,1,0,0,1,0,0,0
ostrich,1,1,1,0,0,0,1,1,0,1,1,0,1,0,1,0,1,0,0,0,0,1,1,1,0,0,0,0,1,1,1,1,0,1,0,0,0,1,1,0,0,1,0,0,1,1,0,0,0,0,1,0,1,0,0,1,1,0,0,0,0,0,0,1,0,1,0,0,1,1,0,0,1,0,1,1,0,0,0,0,0,1
owl,1,1,1,0,0,0,1,1,0,1,1,0,1,0,1,0,1,0,1,0,0,1,1,1,0,0,0,1,1,1,1,1,0,1,0,0,1,1,1,0,0,1,0,0,1,1,0,0,0,0,1,1,1,1,1,1,1,0,0,1,0,0,0,1,0,1,0,0,1,0,0,0,1,0,1,1,0,0,1,0,0,0
falcon,1,1,1,0,0,0,1,1,0,1,1,0,1,0,0,0,1,0,1,0,0,1,1,1,0,0,0,0,1,1,1,1,0,1,0,0,1,1,1,0,0,1,0,0,1,1,0,0,0,0,1,1,1,1,1,1,1,0,0,1,0,0,0,1,0,1,0,0,1,0,1,0,1,0,1,1,0,0,1,0,0,0
swan,1,1,1,0,0,0,1,1,1,1,1,0,1,0,1,1,1,0,0,0,0,1,1,1,0,0,0,0,1,1,1,1,0,1,0,0,0,1,1,0,0,1,0,1,0,1,0,0,0,0,0,0,1,0,0,1,1,1,0,0,1,0,0,1,0,1,0,0,1,1,0,0,1,0,1,1,0,0,0,0,0,0
swallow,1,1,1,0,0,0,1,1,0,1,1,0,1,0,1,0,1,0,1,0,0,1,1,1,0,0,0,0,1,1,1,1,0,1,0,0,0,1,1,0,0,1,0,0,1,1,0,0,0,0,0,1,0,1,0,1,1,0,0,1,0,0,0,1,0,1,1,0,1,0,1,0,1,0,1,1,0,0,1,0,1,0
anchovy,0,1,0,0,0,1,1,0,1,1,0,1,1,1,1,1,0,0,0,1,1,0,0,1,1,0,1,0,0,1,1,0,1,1,1,1,0,1,1,1,0,1,1,0,0,1,1,0,0,1,0,0,0,0,0,1,1,0,0,0,0,0,0,0,1,1,1,1,1,0,0,1,1,1,1,1,0,0,0,0,0,0
dolphin,0,1,0,0,1,0,0,0,1,1,0,1,1,0,1,1,0,0,0,1,1,0,0,1,1,0,1,0,1,1,1,0,0,1,1,1,1,1,1,1,0,1,1,0,0,1,1,0,0,0,0,0,0,0,0,1,1,0,1,0,0,0,0,0,1,1,1,1,1,0,0,0,1,1,1,1,0,0,0,0,0,0
trout,0,1,0,0,0,1,1,0,1,1,0,1,1,1,1,1,0,0,0,1,1,0,0,1,1,0,1,0,0,1,1,0,1,1,1,1,0,1,1,1,0,1,1,1,0,1,1,0,0,1,0,0,0,0,0,1,1,0,0,0,1,0,0,0,1,1,1,1,1,0,0,1,1,1,1,1,0,0,0,0,0,0
goldfish,0,1,0,0,0,1,1,0,1,1,0,1,1,1,1,1,0,0,0,1,1,0,0,1,1,0,1,0,0,1,1,0,1,1,1,1,1,1,1,1,0,1,1,1,0,1,1,0,1,1,0,0,0,0,0,1,1,0,1,0,1,0,0,0,1,1,0,1,1,0,0,1,1,1,1,1,0,0,0,0,0,0
shark,0,1,0,0,1,1,1,0,1,1,0,1,1,0,1,1,0,0,0,1,1,0,0,1,1,0,1,0,1,1,1,0,1,1,0,1,1,1,1,1,1,1,1,0,0,1,1,0,0,0,1,0,0,0,0,1,1,0,1,0,0,0,0,0,1,1,1,1,1,0,0,0,1,1,1,1,0,1,0,0,0,1
herring,0,1,0,0,0,1,1,0,1,1,0,1,1,1,1,1,0,0,0,1,1,0,0,1,1,0,1,0,0,1,1,0,1,1,1,1,0,1,1,1,0,1,1,0,0,1,1,0,0,1,0,0,0,0,0,1,1,0,0,0,0,0,0,0,1,1,1,1,1,0,0,1,1,1,1,1,0,0,0,0,0,0
squid,0,1,0,0,0,1,1,0,1,1,0,1,1,1,1,1,0,0,0,1,1,0,0,1,1,0,1,0,0,1,1,0,1,1,1,1,1,1,1,1,0,1,1,0,0,1,1,0,0,0,1,0,0,0,0,1,1,0,1,0,0,0,0,0,1,1,0,1,1,0,0,0,1,1,1,1,0,0,0,0,0,1
cod,0,1,0,0,0,1,1,0,1,1,0,1,1,1,1,1,0,0,0,1,1,0,0,1,1,0,1,0,0,1,1,0,1,1,1,1,0,1,1,1,0,1,1,0,0,1,1,0,0,1,0,0,0,0,0,1,1,0,0,0,0,0,0,0,1,1,1,1,1,0,0,1,1,1,1,1,0,0,0,0,0,0
carp,0,1,0,0,0,1,1,0,1,1,0,1,1,1,1,1,0,0,0,1,1,0,0,1,1,0,1,0,0,1,1,0,1,1,1,1,0,1,1,1,0,1,1,1,0,1,1,0,0,1,0,0,0,0,0,1,1,0,0,0,1,0,0,0,1,1,0,1,1,0,0,0,1,1,1,1,0,0,0,0,0,0
orca,0,1,0,0,1,0,0,0,1,1,0,1,1,0,1,1,0,0,0,1,1,0,0,1,1,0,1,0,1,1,1,0,0,1,0,1,1,1,1,1,1,1,1,0,0,1,1,0,0,0,1,0,0,0,0,1,1,0,1,0,0,0,0,0,1,1,1,1,1,0,0,0,1,1,1,1,0,0,0,0,0,1
eel,0,1,0,0,0,1,1,0,1,1,0,1,1,1,1,1,0,0,0,1,1,0,0,1,1,0,1,0,0,1,1,0,1,1,1,1,1,1,1,1,0,1,1,1,0,1,1,0,0,1,0,0,0,0,0,1,1,0,0,0,1,0,0,0,1,1,1,1,1,0,0,1,1,1,1,1,0,0,0,0,0,0
piranha,0,1,0,0,0,1,1,0,1,1,0,1,1,1,1,1,0,0,0,1,1,0,0,1,1,0,1,0,0,1,1,0,1,1,1,1,1,1,1,1,1,1,1,0,0,1,1,0,0,0,1,0,0,0,0,1,1,0,1,0,1,0,0,0,1,1,1,1,1,0,0,0,1,1,1,1,0,0,0,0,0,1
plaice,0,1,0,0,0,1,1,0,1,1,0,1,1,1,1,1,0,0,0,1,1,0,0,1,1,0,1,0,0,1,1,0,1,1,1,1,0,1,1,1,0,1,1,0,0,1,1,0,0,0,0,0,0,0,0,1,1,0,1,0,0,0,0,0,1,1,0,1,1,0,0,1,1,1,1,1,0,0,0,0,0,0
flatfish,0,1,0,0,0,1,1,0,1,1,0,1,1,1,1,1,0,0,0,1,1,0,0,1,1,0,1,0,0,1,1,0,1,1,1,1,0,1,1,1,0,1,1,0,0,1,1,0,0,0,0,0,0,0,1,1,1,0,0,0,1,0,0,0,1,1,0,1,1,0,0,0,1,1,1,1,0,0,0,0,0,0
sperm whale,0,1,0,0,1,1,1,0,1,1,0,1,1,1,1,1,0,0,0,1,1,0,0,1,1,0,1,0,0,1,1,0,1,1,1,1,1,1,1,1,0,1,1,0,0,1,1,0,0,0,1,0,0,0,0,1,1,0,0,0,0,0,0,0,1,1,1,1,1,0,0,0,1,1,1,1,0,0,0,0,0,0
ray,0,1,0,0,0,1,1,0,1,1,0,1,1,1,1,1,0,0,0,1,1,0,0,1,1,0,1,0,0,1,1,0,1,1,1,1,1,1,1,1,0,1,1,0,0,1,1,0,0,0,0,0,0,0,1,1,1,0,1,0,0,0,0,0,1,1,0,1,1,0,0,0,1,1,1,1,0,0,0,0,0,0
sardine,0,1,0,0,0,1,1,0,1,1,0,1,1,1,1,1,0,0,0,1,1,0,0,1,1,0,1,0,0,1,1,0,1,1,1,1,0,1,1,1,0,1,1,0,0,1,1,0,0,1,0,0,0,0,0,1,1,0,0,0,0,0,0,0,1,1,1,1,1,0,0,1,1,1,1,1,0,0,0,0,0,0
pike,0,1,0,0,0,1,1,0,1,1,0,1,1,1,1,1,0,0,0,1,1,0,0,1,1,0,1,0,0,1,1,0,1,1,1,1,0,1,1,1,0,1,1,1,0,1,1,0,0,1,0,0,0,0,0,1,1,0,0,0,1,0,0,0,1,1,0,1,1,0,0,1,1,1,1,1,0,0,0,0,0,0
stickleback,0,1,0,0,0,1,1,0,1,1,0,1,1,1,1,1,0,0,0,1,1,0,0,1,1,0,1,0,0,1,1,0,1,1,1,1,0,1,1,1,0,1,1,1,0,1,1,0,0,1,0,0,0,0,0,1,1,0,0,0,1,0,0,0,1,1,1,1,1,0,0,0,1,1,1,1,0,0,0,0,0,0
sole,0,1,0,0,0,1,1,0,1,1,0,1,1,1,1,1,0,0,0,1,1,0,0,1,1,0,1,0,0,1,1,0,1,1,1,1,0,1,1,1,0,1,1,0,0,1,1,0,0,0,0,0,0,0,0,1,1,0,0,0,0,0,0,0,1,1,0,1,1,0,0,1,1,1,1,1,0,0,0,0,0,0
whale,0,1,0,0,1,0,0,0,1,1,0,1,1,0,1,1,0,0,0,1,1,0,0,1,1,0,1,0,1,1,1,0,0,1,0,1,1,1,1,1,0,1,1,0,0,1,1,0,0,0,1,0,0,0,0,1,1,0,1,0,0,0,0,0,1,1,1,1,1,0,0,0,1,1,1,1,0,0,0,0,0,1
salmon,0,1,0,0,0,1,1,0,1,1,0,1,1,1,1,1,0,0,0,1,1,0,0,1,1,0,1,0,0,1,1,0,1,1,1,1,1,1,1,1,0,1,1,0,0,1,1,0,0,1,0,0,0,0,0,1,1,0,0,0,1,0,0,0,1,1,1,1,1,0,0,1,1,1,1,1,0,0,0,0,0,0
swordfish,0,1,0,0,0,1,1,0,1,1,0,1,1,1,1,1,0,0,0,1,1,0,0,1,1,0,1,0,0,1,1,0,1,1,1,1,0,1,1,1,0,1,1,0,0,1,1,0,0,1,1,0,0,0,0,1,1,0,1,0,0,0,0,0,1,1,0,1,1,0,0,0,1,1,1,1,0,0,0,0,0,0
bee ,0,1,1,1,0,0,1,1,0,1,0,0,0,0,1,0,0,0,1,0,0,0,1,1,0,1,0,0,1,1,0,1,0,0,1,0,0,1,1,0,1,1,1,0,0,1,0,1,0,0,1,1,0,0,0,0,1,1,0,0,0,1,1,0,0,1,1,0,1,0,1,0,1,0,1,1,0,0,0,0,1,1
leech,0,1,0,1,0,0,1,0,1,1,0,0,0,0,1,0,0,0,1,0,0,0,1,1,0,1,1,0,0,1,1,0,0,0,1,1,1,1,1,0,1,1,1,0,0,1,0,0,0,1,1,1,0,0,1,0,1,1,0,0,0,0,1,0,0,1,0,0,1,1,0,0,0,0,1,1,0,0,0,0,0,1
horsefly,0,1,1,1,0,0,1,1,0,1,0,0,0,0,1,0,0,0,1,0,0,0,1,1,0,1,0,0,1,1,1,0,0,0,1,0,1,1,1,0,1,1,1,0,0,1,0,1,0,0,1,1,0,0,0,0,1,1,0,0,0,1,1,0,0,1,0,0,1,0,1,0,1,0,1,1,0,0,0,0,1,0
centipede,0,1,0,1,0,0,1,0,0,1,0,0,0,0,1,0,0,0,1,0,0,0,1,1,0,0,0,0,0,1,0,0,0,0,1,0,1,1,1,0,0,1,1,0,0,1,0,1,0,1,0,1,0,0,0,0,1,1,0,0,0,0,1,0,0,1,1,0,1,1,0,0,0,0,1,1,1,0,0,0,1,0
fruit fly,0,1,1,1,0,0,1,1,0,1,0,0,0,0,1,0,0,0,1,0,0,0,1,1,0,1,0,0,1,1,0,0,0,0,1,0,0,1,1,0,0,1,1,0,0,1,0,1,0,0,0,1,0,0,0,0,1,1,0,0,0,1,1,0,0,1,0,0,1,0,1,0,0,0,1,1,1,0,0,0,1,0
bumblebee,0,1,1,1,0,0,1,1,0,1,0,0,0,0,1,0,0,0,1,0,0,0,1,1,0,1,0,0,1,1,0,1,0,0,1,0,0,1,1,0,1,1,1,0,0,1,0,1,0,0,0,1,0,0,0,0,1,1,0,0,0,1,1,0,0,1,0,0,1,0,1,0,1,0,1,1,1,0,0,0,1,0
cockroach,0,1,1,1,0,0,1,1,0,1,0,0,0,0,1,0,0,0,1,0,0,0,1,1,0,0,0,0,0,1,0,0,0,0,1,0,1,1,1,0,0,1,1,0,0,1,0,0,0,1,0,1,0,0,1,0,1,1,0,0,0,0,1,1,0,1,0,0,1,1,0,0,0,0,1,1,1,0,0,0,0,0
beetle,0,1,1,1,0,0,1,1,0,1,0,0,0,0,1,0,0,0,1,0,0,0,1,1,0,0,0,0,0,1,0,0,0,0,1,0,1,1,1,0,0,1,1,0,0,1,0,1,0,0,0,1,0,0,1,0,1,1,0,0,0,0,1,0,0,1,0,0,1,1,1,0,0,0,1,1,1,0,0,0,1,0
cricket,0,1,0,1,0,0,1,1,0,1,0,0,0,0,1,0,0,0,1,0,0,0,1,1,0,0,0,0,1,1,0,0,0,0,1,0,1,1,1,0,0,1,1,0,0,1,0,1,0,1,0,1,0,0,1,0,1,1,0,0,0,0,1,0,0,1,0,0,1,1,1,0,0,0,1,1,1,0,0,0,1,0
dragonfly,0,1,1,1,0,0,1,1,0,1,0,0,0,0,1,0,0,0,1,0,0,0,1,1,0,1,0,0,1,1,0,0,0,0,1,0,1,1,1,0,1,1,1,0,0,1,0,1,0,1,1,1,0,0,0,0,1,1,0,0,0,1,1,0,0,1,1,0,1,0,1,0,0,0,1,1,1,0,0,0,1,0
ladybug,0,1,1,1,0,0,1,1,0,1,0,0,0,0,1,0,0,0,1,0,0,0,1,1,0,0,0,0,0,1,0,0,0,0,1,0,1,1,1,0,0,1,1,0,0,1,0,1,0,0,0,1,0,0,0,0,1,0,0,0,0,0,1,0,0,1,0,0,1,1,1,0,0,0,1,1,1,0,0,0,1,0
louse,0,1,0,1,0,0,1,0,0,1,0,0,0,0,1,0,0,0,1,0,0,0,1,1,0,1,0,0,0,1,1,0,0,0,1,0,0,1,1,0,0,1,1,0,0,1,0,1,0,1,0,1,0,0,1,0,1,1,0,0,0,1,1,1,0,1,1,0,1,1,0,0,0,0,1,1,1,0,0,0,0,0
maybug,0,1,1,1,0,0,1,1,0,1,0,0,0,0,1,0,0,0,1,0,0,0,1,1,0,0,0,0,0,1,0,0,0,0,1,0,1,1,1,0,0,1,1,0,0,1,0,1,0,0,0,1,0,0,1,0,1,1,0,0,0,0,1,0,0,1,0,0,1,1,1,0,0,0,1,1,1,0,0,0,1,0
ant,0,1,1,1,0,0,1,1,0,1,0,0,0,0,1,0,0,0,1,0,0,0,1,1,0,1,0,0,0,1,0,0,0,0,1,0,1,1,1,0,1,1,1,0,0,1,0,1,0,1,0,1,0,0,1,0,1,1,0,0,0,1,1,0,0,1,1,0,1,1,0,0,0,0,1,1,1,0,0,0,0,0
moth,0,1,1,1,0,0,1,1,0,1,0,0,0,0,1,0,0,0,1,0,0,0,1,1,0,0,0,1,0,1,0,0,0,0,1,0,1,1,1,0,0,1,1,0,0,1,0,1,0,0,0,1,0,0,0,0,1,1,0,0,0,0,1,0,0,1,0,0,1,1,0,0,0,0,1,1,1,0,0,0,1,0
mosquito,0,1,1,1,0,0,1,1,0,1,0,0,0,0,1,0,0,0,1,0,0,0,1,1,0,1,0,1,1,1,1,0,0,0,1,0,1,1,1,0,1,1,1,0,0,1,0,1,0,1,0,1,0,0,0,0,1,1,0,0,0,1,1,0,0,1,0,0,1,1,1,0,1,0,1,1,1,0,0,0,1,0
earwig,0,1,0,1,0,0,1,0,0,1,0,0,0,0,1,0,0,0,1,0,0,0,1,1,0,0,1,0,0,1,0,0,0,0,1,0,0,1,1,0,0,1,1,0,0,1,0,0,0,1,1,1,0,0,0,0,1,1,0,0,0,0,1,0,0,1,0,0,1,1,0,0,0,0,1,1,1,0,0,0,0,0
wood louse,0,1,0,1,0,0,1,0,0,1,0,0,0,0,1,0,0,0,1,0,0,0,1,1,0,1,1,0,0,1,0,0,0,0,1,0,0,1,1,0,0,1,1,0,0,1,0,0,0,0,0,1,0,0,0,0,1,1,0,0,0,0,1,0,0,1,1,0,1,1,0,0,0,0,1,1,1,0,0,0,0,0
caterpillar,0,1,0,1,0,0,1,0,0,1,0,0,0,0,1,0,0,0,1,0,0,0,1,1,0,0,1,0,0,1,0,1,0,0,1,0,1,1,1,0,0,1,1,0,0,1,0,1,0,1,0,1,0,0,0,0,1,1,0,0,0,0,1,0,0,1,0,0,1,1,1,0,0,0,1,1,1,0,0,0,1,0
spider,0,1,0,1,0,0,1,0,0,1,0,0,0,0,1,0,0,0,1,0,0,0,1,1,0,1,0,0,0,1,1,1,0,0,1,0,1,1,1,0,1,1,1,0,0,1,0,0,0,0,1,1,0,0,0,0,1,1,0,0,0,1,1,0,0,1,0,0,1,1,1,0,0,0,1,1,1,0,0,0,0,1
grasshopper,0,1,0,1,0,0,1,1,0,1,0,0,0,0,1,0,0,0,1,0,0,0,1,1,0,0,0,0,1,1,0,0,0,0,1,0,1,1,1,0,0,1,1,0,0,1,0,1,0,1,0,1,0,0,1,0,1,1,0,0,0,0,1,0,0,1,0,0,1,1,1,0,0,0,1,1,1,0,0,0,1,0
fly,0,1,1,1,0,0,1,1,0,1,0,0,0,0,1,0,0,0,1,0,0,0,1,1,0,1,0,0,1,1,0,0,0,0,1,0,1,1,1,0,0,1,1,0,0,1,0,1,0,0,0,1,0,0,0,0,1,1,0,0,0,1,1,1,0,1,0,0,1,0,1,0,1,0,1,1,1,0,0,0,1,0
butterfly,0,1,1,1,0,0,1,1,0,1,0,0,0,0,1,0,0,0,1,0,0,0,1,1,0,0,0,0,0,1,0,0,0,0,1,0,1,1,1,0,0,1,1,0,0,1,0,1,0,0,0,1,0,0,0,0,1,0,0,0,0,0,1,0,0,1,0,0,1,0,1,0,0,0,1,1,1,0,0,0,1,0
flee,0,1,1,1,0,0,1,1,0,1,0,0,0,0,1,0,0,0,1,0,0,0,1,1,0,1,0,0,0,1,1,0,0,0,1,0,0,1,1,0,0,1,1,0,0,1,0,0,0,1,0,1,0,0,0,0,1,1,0,0,0,1,1,1,0,1,0,0,1,1,0,0,0,0,1,1,1,0,0,0,0,0
wasp,0,1,1,1,0,0,1,1,0,1,0,0,0,0,1,0,0,0,1,0,0,0,1,1,0,1,0,0,1,1,0,1,0,0,1,0,1,1,1,0,1,1,1,0,0,1,0,1,0,1,1,1,0,0,0,0,1,1,0,0,0,1,1,0,0,1,1,0,1,0,1,0,0,0,1,1,1,0,0,0,1,1
worm,0,1,0,1,0,0,1,0,0,1,0,0,1,0,1,0,0,0,1,0,0,0,1,1,0,0,1,0,0,1,0,0,0,0,1,1,1,1,1,0,0,1,1,0,0,1,0,1,0,1,0,1,0,0,0,0,1,1,0,0,0,0,1,0,0,1,0,0,1,1,0,0,0,0,1,1,1,0,0,0,0,0
viger,0,1,0,0,0,0,1,0,0,1,0,0,1,1,0,1,0,1,1,0,0,0,1,1,0,0,1,0,1,1,1,0,0,1,1,1,1,1,1,0,1,1,1,0,0,1,1,0,0,1,1,0,0,0,1,0,1,1,0,0,0,1,0,0,0,1,0,0,1,1,0,0,1,0,1,1,0,1,0,0,0,1
alligator,0,1,0,0,0,0,1,0,1,1,0,0,1,1,1,1,0,1,1,0,1,0,1,1,0,0,0,0,1,1,1,0,0,1,0,0,1,1,1,0,1,1,1,1,0,1,1,0,0,0,1,0,0,0,1,0,1,1,0,0,1,0,0,0,0,1,1,0,1,1,0,0,1,0,1,1,0,1,0,0,0,1
boa,0,1,0,0,0,0,1,0,0,1,0,0,1,1,0,1,0,1,1,0,0,0,1,1,0,0,1,0,1,1,1,0,0,1,1,1,0,1,1,0,1,1,1,0,0,1,1,0,0,1,1,0,0,0,1,0,1,1,0,0,1,1,0,0,0,1,0,0,1,1,0,0,1,0,1,1,0,1,0,0,0,1
cobra,0,1,0,0,0,0,1,0,0,1,0,0,1,1,0,1,0,1,1,0,0,0,1,1,0,0,1,0,1,1,1,0,0,1,1,1,0,1,1,0,1,1,1,0,0,1,1,0,0,1,1,0,0,0,1,0,1,1,0,0,1,1,0,0,0,1,0,0,1,1,0,0,1,0,1,1,0,1,0,0,0,1
dinosaur,0,1,0,0,0,0,1,0,1,1,0,1,1,1,1,1,0,1,0,0,0,0,1,1,0,0,0,0,1,1,1,0,0,1,0,0,1,1,1,0,1,1,1,0,0,1,1,0,0,0,1,0,0,0,0,0,1,0,0,1,0,0,0,0,0,1,0,0,1,1,0,0,1,0,1,1,0,1,0,0,0,1
gecko,0,1,0,0,0,0,1,0,0,1,0,0,1,1,0,1,0,1,1,0,0,0,1,1,0,0,1,1,1,1,1,0,0,1,1,0,0,1,1,0,0,1,1,0,0,1,1,0,0,0,1,0,0,0,1,0,1,0,0,0,0,0,0,0,0,1,0,0,1,1,0,0,1,0,1,1,0,0,0,0,0,0
lizard,0,1,0,0,0,0,1,0,0,1,0,0,1,1,0,1,0,1,1,0,0,0,1,1,0,0,1,0,1,1,1,0,0,1,1,1,1,1,1,0,0,1,1,0,0,1,1,0,0,1,0,0,0,0,1,0,1,1,0,0,1,0,1,0,0,1,0,0,1,1,0,0,1,0,1,1,0,1,0,0,0,1
blindworm,0,1,0,0,0,0,1,0,0,1,0,0,1,1,1,1,0,1,1,0,0,0,1,1,0,0,1,0,1,1,1,0,0,1,1,1,1,1,1,0,0,1,1,0,0,1,1,0,0,1,1,0,0,0,1,0,1,1,0,0,0,1,0,0,0,1,0,0,1,1,0,0,1,0,1,1,0,0,0,0,0,0
caiman,0,1,0,0,0,0,1,0,1,1,0,0,1,1,1,1,0,1,1,0,1,0,1,1,0,0,0,0,1,1,1,0,0,1,0,0,0,1,1,0,1,1,1,1,0,1,1,0,0,0,1,0,0,0,1,0,1,1,0,0,1,0,0,0,0,1,1,0,1,1,0,0,1,0,1,1,0,1,0,0,0,1
chameleon,0,1,0,0,0,0,1,0,0,1,0,0,1,1,0,1,0,1,1,0,0,0,1,1,0,0,0,0,1,1,1,0,0,1,1,0,1,1,1,0,0,1,1,0,0,1,1,0,0,1,0,0,0,0,1,0,1,1,0,0,0,0,0,0,0,1,0,0,1,1,0,0,1,0,1,1,0,1,0,0,0,0
frog,0,1,0,0,0,0,1,0,1,1,0,0,1,1,1,1,0,1,1,0,1,0,1,1,0,0,1,0,1,1,1,0,0,1,1,1,1,1,1,0,0,1,1,1,0,1,1,0,0,0,1,1,0,0,1,0,1,1,0,0,1,0,1,0,0,1,0,0,1,1,0,0,1,1,1,1,0,1,0,0,0,1
crocodile,0,1,0,0,0,0,1,0,1,1,0,1,1,1,1,1,0,1,1,0,1,0,1,1,0,0,0,0,1,1,1,0,0,1,0,0,1,1,1,1,1,1,1,1,0,1,1,0,0,0,1,0,0,0,1,0,1,1,0,0,1,0,0,0,0,1,1,0,1,1,0,0,1,0,1,1,0,1,0,0,0,1
iguana,0,1,0,0,0,0,1,0,0,1,0,0,1,1,0,1,0,1,1,0,0,0,1,1,0,0,0,0,1,1,1,0,0,1,1,0,1,1,1,0,0,1,1,0,0,1,1,0,0,1,1,0,0,0,1,0,1,1,0,1,0,0,0,0,0,1,0,0,1,1,0,0,1,0,1,1,0,1,0,0,0,0
toad,0,1,0,0,0,0,1,0,1,1,0,0,1,1,1,1,0,1,1,0,0,0,1,1,0,0,1,0,1,1,1,0,0,1,1,1,1,1,1,0,0,1,1,1,0,1,1,0,0,0,1,1,0,0,1,0,1,1,0,0,1,0,1,0,0,1,0,1,1,1,0,0,1,1,1,1,0,1,0,0,0,1
python,0,1,0,0,0,0,1,0,0,1,0,0,1,1,0,1,0,1,1,0,0,0,1,1,0,0,1,0,1,1,1,0,0,1,1,1,0,1,1,0,1,1,1,0,0,1,1,0,0,1,1,0,0,0,1,0,1,1,0,0,1,0,0,0,0,1,0,0,1,1,0,0,1,0,1,1,0,1,0,0,0,1
salamander,0,1,0,0,0,0,1,0,1,1,0,0,1,1,0,1,0,1,1,0,0,0,1,1,0,0,1,0,1,1,1,0,0,1,1,1,1,1,1,0,0,1,1,1,0,1,1,0,0,1,1,0,0,0,1,0,1,1,0,0,1,0,1,0,0,1,0,0,1,1,0,0,1,0,1,1,0,0,0,0,0,0
tortoise,0,1,0,0,0,0,1,0,1,0,0,0,1,1,1,1,0,1,0,0,0,0,1,1,0,0,1,0,0,1,1,0,0,1,0,0,1,1,1,1,0,1,1,1,0,1,1,0,0,0,1,1,0,0,0,0,1,0,0,0,0,0,0,0,0,1,0,0,1,1,0,0,1,0,1,1,0,1,0,0,0,1
snake,0,1,0,0,0,0,1,0,0,1,0,0,1,1,0,1,0,1,1,0,0,0,1,1,0,0,1,0,1,1,1,0,0,1,1,1,1,1,1,1,1,1,1,0,0,1,1,0,0,1,1,0,0,0,1,0,1,1,0,0,1,1,0,0,0,1,0,0,1,1,0,0,1,0,1,1,0,1,0,0,0,1
monitor lizard,0,1,0,0,0,0,1,0,1,1,0,0,1,1,0,1,0,1,1,0,0,0,1,1,0,0,0,0,1,1,1,0,0,1,0,0,1,1,1,0,1,1,1,0,0,1,1,0,0,0,1,0,0,0,1,0,1,1,0,0,0,0,0,0,0,1,0,0,1,1,0,0,1,0,1,1,0,1,0,0,0,1
turtle,0,1,0,0,0,0,1,0,1,0,0,1,1,1,1,1,0,1,0,0,1,0,1,1,0,0,1,0,0,1,1,0,0,1,0,0,1,1,1,1,0,1,1,1,0,1,1,0,0,0,1,0,0,0,0,1,1,0,1,0,1,0,0,0,0,1,0,0,1,1,0,1,1,1,1,1,0,1,0,0,0,1
canary,0,0,0,0,0,0,0,0,0,0,0,0,0,0,0,0,0,0,0,0,0,0,0,0,0,0,0,0,0,0,0,0,0,0,0,0,0,0,0,0,0,0,0,0,0,0,0,0,0,0,0,0,0,0,0,0,0,0,0,0,0,0,0,0,0,0,0,0,0,0,0,0,0,0,0,0,0,0,0,0,0,0
chicken,0,0,0,0,0,0,0,0,0,0,0,0,0,0,0,0,0,0,0,0,0,0,0,0,0,0,0,0,0,0,0,0,0,0,0,0,0,0,0,0,0,0,0,0,0,0,0,0,0,0,0,0,0,0,0,0,0,0,0,0,0,0,0,0,0,0,0,0,0,0,0,0,0,0,0,0,0,0,0,0,0,0
cockchafer,0,0,0,0,0,0,0,0,0,0,0,0,0,0,0,0,0,0,0,0,0,0,0,0,0,0,0,0,0,0,0,0,0,0,0,0,0,0,0,0,0,0,0,0,0,0,0,0,0,0,0,0,0,0,0,0,0,0,0,0,0,0,0,0,0,0,0,0,0,0,0,0,0,0,0,0,0,0,0,0,0,0
viper,0,0,0,0,0,0,0,0,0,0,0,0,0,0,0,0,0,0,0,0,0,0,0,0,0,0,0,0,0,0,0,0,0,0,0,0,0,0,0,0,0,0,0,0,0,0,0,0,0,0,0,0,0,0,0,0,0,0,0,0,0,0,0,0,0,0,0,0,0,0,0,0,0,0,0,0,0,0,0,0,0,0
